{"cameraMode":{"drawMode":0,"name":"Shaded","section":"Shading Mode"},"sceneLighting":true,"audioPlay":false,"sceneViewState":{"m_AlwaysRefresh":false,"showFog":true,"showSkybox":true,"showFlares":true,"showImageEffects":true,"showParticleSystems":true,"showVisualEffectGraphs":true,"m_FxEnabled":true},"in2DMode":false,"pivot":{"x":156.80601501464845,"y":10.989377975463868,"z":234.04100036621095},"rotation":{"x":0.05985383316874504,"y":0.4019012153148651,"z":-0.026337359100580217,"w":0.9133501052856445},"size":10.080223083496094,"orthographic":false}